lane,place,time,champs,sex,event,page
3,1,20.14,Helsinki 1983,M,200m,106
6,2,20.41,Helsinki 1983,M,200m,106
5,3,20.51,Helsinki 1983,M,200m,106
4,4,20.52,Helsinki 1983,M,200m,106
7,5,20.55,Helsinki 1983,M,200m,106
2,6,20.63,Helsinki 1983,M,200m,106
1,7,20.69,Helsinki 1983,M,200m,106
8,8,20.80,Helsinki 1983,M,200m,106
8,1,20.16,Rome 1987,M,200m,106
6,2,20.16,Rome 1987,M,200m,106
2,3,20.18,Rome 1987,M,200m,106
4,4,20.22,Rome 1987,M,200m,106
5,5,20.23,Rome 1987,M,200m,106
3,6,20.25,Rome 1987,M,200m,106
7,7,20.45,Rome 1987,M,200m,106
1,8,20.78,Rome 1987,M,200m,106
3,1,20.01,Tokyo 1991,M,200m,107
4,2,20.34,Tokyo 1991,M,200m,107
5,3,20.49,Tokyo 1991,M,200m,107
1,4,20.49,Tokyo 1991,M,200m,107
2,5,20.51,Tokyo 1991,M,200m,107
7,6,20.58,Tokyo 1991,M,200m,107
6,7,20.59,Tokyo 1991,M,200m,107
8,8,20.78,Tokyo 1991,M,200m,107
5,1,19.85,Stuttgart 1993,M,200m,107
6,2,19.94,Stuttgart 1993,M,200m,107
7,3,19.99,Stuttgart 1993,M,200m,107
4,4,20.18,Stuttgart 1993,M,200m,107
3,5,20.18,Stuttgart 1993,M,200m,107
8,6,20.20,Stuttgart 1993,M,200m,107
2,7,20.49,Stuttgart 1993,M,200m,107
1,8,20.56,Stuttgart 1993,M,200m,107
4,1,19.79,Gothenburg 1995,M,200m,108
3,2,20.12,Gothenburg 1995,M,200m,108
6,3,20.18,Gothenburg 1995,M,200m,108
5,4,20.21,Gothenburg 1995,M,200m,108
7,5,20.40,Gothenburg 1995,M,200m,108
8,6,20.51,Gothenburg 1995,M,200m,108
1,7,20.67,Gothenburg 1995,M,200m,108
2,8,20.77,Gothenburg 1995,M,200m,108
3,1,20.23,Athens 1997,M,200m,108
4,2,20.23,Athens 1997,M,200m,108
5,3,20.26,Athens 1997,M,200m,108
6,4,20.31,Athens 1997,M,200m,108
7,5,20.32,Athens 1997,M,200m,108
2,6,20.37,Athens 1997,M,200m,108
1,7,20.44,Athens 1997,M,200m,108
8,8,20.44,Athens 1997,M,200m,108
3,1,19.90,Seville 1999,M,200m,109
6,2,19.90,Seville 1999,M,200m,109
4,3,19.90,Seville 1999,M,200m,109
7,4,19.90,Seville 1999,M,200m,109
5,5,19.90,Seville 1999,M,200m,109
8,6,19.90,Seville 1999,M,200m,109
1,7,19.90,Seville 1999,M,200m,109
2,7,19.90,Seville 1999,M,200m,109
4,1,20.04,Edmonton 2001,M,200m,109
3,2,20.20,Edmonton 2001,M,200m,109
1,3,20.20,Edmonton 2001,M,200m,109
2,3,20.20,Edmonton 2001,M,200m,109
5,5,20.22,Edmonton 2001,M,200m,109
7,6,20.24,Edmonton 2001,M,200m,109
6,7,20.25,Edmonton 2001,M,200m,109
8,8,20.38,Edmonton 2001,M,200m,109
6,1,20.30,Paris 2003,M,200m,110
4,2,20.31,Paris 2003,M,200m,110
5,3,20.38,Paris 2003,M,200m,110
2,4,20.39,Paris 2003,M,200m,110
3,5,20.41,Paris 2003,M,200m,110
1,6,20.47,Paris 2003,M,200m,110
7,7,20.47,Paris 2003,M,200m,110
8,8,20.62,Paris 2003,M,200m,110
6,1,20.04,Helsinki 2005,M,200m,110
3,2,20.20,Helsinki 2005,M,200m,110
4,3,20.31,Helsinki 2005,M,200m,110
5,4,20.34,Helsinki 2005,M,200m,110
7,5,20.41,Helsinki 2005,M,200m,110
8,6,20.58,Helsinki 2005,M,200m,110
2,7,20.81,Helsinki 2005,M,200m,110
1,8,26.27,Helsinki 2005,M,200m,110
4,1,19.76,Osaka 2007,M,200m,111
5,2,19.91,Osaka 2007,M,200m,111
6,3,20.05,Osaka 2007,M,200m,111
8,4,20.06,Osaka 2007,M,200m,111
3,5,20.28,Osaka 2007,M,200m,111
7,6,20.28,Osaka 2007,M,200m,111
9,7,20.57,Osaka 2007,M,200m,111
2,8,20.75,Osaka 2007,M,200m,111
5,1,19.19,Berlin 2009,M,200m,111
6,2,19.81,Berlin 2009,M,200m,111
4,3,19.85,Berlin 2009,M,200m,111
8,4,19.89,Berlin 2009,M,200m,111
3,5,19.98,Berlin 2009,M,200m,111
7,6,20.39,Berlin 2009,M,200m,111
1,7,20.61,Berlin 2009,M,200m,111
2,8,20.68,Berlin 2009,M,200m,111
3,1,19.40,Daegu 2011,M,200m,112
4,2,19.70,Daegu 2011,M,200m,112
6,3,19.80,Daegu 2011,M,200m,112
8,4,19.95,Daegu 2011,M,200m,112
5,5,20.29,Daegu 2011,M,200m,112
2,6,20.31,Daegu 2011,M,200m,112
1,7,20.34,Daegu 2011,M,200m,112
7,7,DNF,Daegu 2011,M,200m,112
4,1,19.66,Moscow 2013,M,200m,112
8,2,19.79,Moscow 2013,M,200m,112
3,3,20.04,Moscow 2013,M,200m,112
6,4,20.05,Moscow 2013,M,200m,112
5,5,20.08,Moscow 2013,M,200m,112
7,6,20.14,Moscow 2013,M,200m,112
1,7,20.35,Moscow 2013,M,200m,112
2,8,20.37,Moscow 2013,M,200m,112
6,1,20.42,Beijing 2015,M,200m,112
4,2,20.42,Beijing 2015,M,200m,112
7,3,20.42,Beijing 2015,M,200m,112
9,4,20.42,Beijing 2015,M,200m,112
5,5,20.42,Beijing 2015,M,200m,112
3,6,20.11,Beijing 2015,M,200m,112
2,7,20.27,Beijing 2015,M,200m,112
8,8,20.33,Beijing 2015,M,200m,112
5,1,20.09,London 2017,M,200m,113
3,2,20.11,London 2017,M,200m,113
7,3,20.11,London 2017,M,200m,113
2,4,20.24,London 2017,M,200m,113
9,5,20.26,London 2017,M,200m,113
6,6,20.44,London 2017,M,200m,113
8,7,20.63,London 2017,M,200m,113
4,8,20.64,London 2017,M,200m,113
5,1,19.83,Doha 2019,M,200m,113
7,2,19.95,Doha 2019,M,200m,113
4,3,19.98,Doha 2019,M,200m,113
6,4,20.03,Doha 2019,M,200m,113
9,5,20.07,Doha 2019,M,200m,113
3,6,20.10,Doha 2019,M,200m,113
2,7,20.14,Doha 2019,M,200m,113
8,8,20.39,Doha 2019,M,200m,113
4,1,45.05,Helsinki 1983,M,400m,114
5,2,45.22,Helsinki 1983,M,400m,114
1,3,45.24,Helsinki 1983,M,400m,114
7,4,45.37,Helsinki 1983,M,400m,114
3,5,45.49,Helsinki 1983,M,400m,114
6,6,45.50,Helsinki 1983,M,400m,114
8,7,45.80,Helsinki 1983,M,400m,114
2,8,45.91,Helsinki 1983,M,400m,114
3,1,44.33,Rome 1987,M,400m,114
5,2,44.56,Rome 1987,M,400m,114
7,3,44.80,Rome 1987,M,400m,114
2,4,44.99,Rome 1987,M,400m,114
6,5,45.06,Rome 1987,M,400m,114
8,6,45.34,Rome 1987,M,400m,114
4,7,46.27,Rome 1987,M,400m,114
1,8,46.77,Rome 1987,M,400m,114
4,1,44.57,Tokyo 1991,M,400m,115
3,2,44.62,Tokyo 1991,M,400m,115
5,3,44.63,Tokyo 1991,M,400m,115
6,4,44.86,Tokyo 1991,M,400m,115
1,5,45.09,Tokyo 1991,M,400m,115
8,6,45.12,Tokyo 1991,M,400m,115
7,7,45.39,Tokyo 1991,M,400m,115
2,8,45.47,Tokyo 1991,M,400m,115
5,1,43.65,Stuttgart 1993,M,400m,115
6,2,44.13,Stuttgart 1993,M,400m,115
3,3,44.54,Stuttgart 1993,M,400m,115
7,4,45.05,Stuttgart 1993,M,400m,115
8,5,45.11,Stuttgart 1993,M,400m,115
1,6,45.63,Stuttgart 1993,M,400m,115
2,7,45.65,Stuttgart 1993,M,400m,115
4,8,45.68,Stuttgart 1993,M,400m,115
5,1,43.39,Gothenburg 1995,M,400m,115
6,2,44.22,Gothenburg 1995,M,400m,115
3,3,44.56,Gothenburg 1995,M,400m,115
7,4,44.71,Gothenburg 1995,M,400m,115
8,5,44.81,Gothenburg 1995,M,400m,115
1,6,44.83,Gothenburg 1995,M,400m,115
2,7,45.28,Gothenburg 1995,M,400m,115
4,8,45.50,Gothenburg 1995,M,400m,115
4,1,44.12,Athens 1997,M,400m,116
7,2,44.37,Athens 1997,M,400m,116
3,3,44.39,Athens 1997,M,400m,116
5,4,44.47,Athens 1997,M,400m,116
6,5,44.51,Athens 1997,M,400m,116
2,6,44.52,Athens 1997,M,400m,116
1,7,45.22,Athens 1997,M,400m,116
8,7,DQ,Athens 1997,M,400m,116
5,1,43.18,Seville 1999,M,400m,116
7,2,44.29,Seville 1999,M,400m,116
4,3,44.31,Seville 1999,M,400m,116
1,4,44.65,Seville 1999,M,400m,116
2,5,45.07,Seville 1999,M,400m,116
8,6,45.18,Seville 1999,M,400m,116
6,4,DQ,Seville 1999,M,400m,116
3,5,DQ,Seville 1999,M,400m,116
4,1,44.64,Edmonton 2001,M,400m,117
6,2,44.87,Edmonton 2001,M,400m,117
5,3,44.98,Edmonton 2001,M,400m,117
1,4,45.13,Edmonton 2001,M,400m,117
2,5,45.23,Edmonton 2001,M,400m,117
8,6,46.23,Edmonton 2001,M,400m,117
3,4,DNF,Edmonton 2001,M,400m,117
7,4,DQ,Edmonton 2001,M,400m,117
4,1,44.77,Paris 2003,M,400m,117
5,2,44.79,Paris 2003,M,400m,117
2,3,44.80,Paris 2003,M,400m,117
8,4,44.83,Paris 2003,M,400m,117
1,5,45.17,Paris 2003,M,400m,117
7,6,45.48,Paris 2003,M,400m,117
6,1,DQ,Paris 2003,M,400m,117
3,6,DQ,Paris 2003,M,400m,117
3,1,43.93,Helsinki 2005,M,400m,118
7,2,44.35,Helsinki 2005,M,400m,118
4,3,44.44,Helsinki 2005,M,400m,118
8,4,44.48,Helsinki 2005,M,400m,118
1,5,44.93,Helsinki 2005,M,400m,118
6,6,45.01,Helsinki 2005,M,400m,118
5,7,45.12,Helsinki 2005,M,400m,118
2,8,45.46,Helsinki 2005,M,400m,118
6,1,43.45,Osaka 2007,M,400m,118
5,2,43.96,Osaka 2007,M,400m,118
4,3,44.32,Osaka 2007,M,400m,118
8,4,44.45,Osaka 2007,M,400m,118
7,5,44.59,Osaka 2007,M,400m,118
3,6,44.71,Osaka 2007,M,400m,118
9,7,44.72,Osaka 2007,M,400m,118
2,8,45.40,Osaka 2007,M,400m,118
4,1,44.06,Berlin 2009,M,400m,119
6,2,44.60,Berlin 2009,M,400m,119
3,3,45.02,Berlin 2009,M,400m,119
7,4,45.42,Berlin 2009,M,400m,119
5,5,45.47,Berlin 2009,M,400m,119
2,6,45.53,Berlin 2009,M,400m,119
8,7,45.56,Berlin 2009,M,400m,119
1,8,45.90,Berlin 2009,M,400m,119
5,1,44.60,Daegu 2011,M,400m,119
4,2,44.63,Daegu 2011,M,400m,119
6,3,44.90,Daegu 2011,M,400m,119
3,4,44.99,Daegu 2011,M,400m,119
8,5,45.07,Daegu 2011,M,400m,119
2,6,45.45,Daegu 2011,M,400m,119
7,7,45.55,Daegu 2011,M,400m,119
1,8,45.55,Daegu 2011,M,400m,119
6,1,43.74,Moscow 2013,M,400m,119
4,2,44.40,Moscow 2013,M,400m,119
7,3,44.52,Moscow 2013,M,400m,119
8,4,44.54,Moscow 2013,M,400m,119
1,5,44.91,Moscow 2013,M,400m,119
3,6,44.97,Moscow 2013,M,400m,119
5,7,44.99,Moscow 2013,M,400m,119
2,8,45.03,Moscow 2013,M,400m,119
6,1,43.48,Beijing 2015,M,400m,120
8,2,43.65,Beijing 2015,M,400m,120
5,3,43.78,Beijing 2015,M,400m,120
7,4,44.11,Beijing 2015,M,400m,120
4,5,44.63,Beijing 2015,M,400m,120
3,6,44.68,Beijing 2015,M,400m,120
2,7,45.06,Beijing 2015,M,400m,120
9,8,45.15,Beijing 2015,M,400m,120
6,1,43.98,London 2017,M,400m,120
4,2,44.41,London 2017,M,400m,120
3,3,44.48,London 2017,M,400m,120
9,4,44.66,London 2017,M,400m,120
5,5,44.88,London 2017,M,400m,120
8,6,45.04,London 2017,M,400m,120
2,7,45.23,London 2017,M,400m,120
7,7,DNS,London 2017,M,400m,120
4,1,43.48,Doha 2019,M,400m,120
8,2,44.15,Doha 2019,M,400m,120
5,3,44.17,Doha 2019,M,400m,120
3,4,44.46,Doha 2019,M,400m,121
7,5,44.54,Doha 2019,M,400m,121
9,6,44.94,Doha 2019,M,400m,121
6,7,45.30,Doha 2019,M,400m,121
2,8,45.36,Doha 2019,M,400m,121
2,1,47.50,Helsinki 1983,M,400mH,166
7,2,48.61,Helsinki 1983,M,400mH,166
1,3,49.03,Helsinki 1983,M,400mH,166
8,4,49.06,Helsinki 1983,M,400mH,166
6,5,49.24,Helsinki 1983,M,400mH,166
4,6,49.32,Helsinki 1983,M,400mH,166
3,7,49.61,Helsinki 1983,M,400mH,166
5,8,49.78,Helsinki 1983,M,400mH,166
3,1,47.46,Rome 1987,M,400mH,166
4,2,47.48,Rome 1987,M,400mH,166
5,3,47.48,Rome 1987,M,400mH,166
6,4,48.37,Rome 1987,M,400mH,166
1,5,48.37,Rome 1987,M,400mH,166
2,6,48.63,Rome 1987,M,400mH,166
7,7,48.74,Rome 1987,M,400mH,166
8,8,49.46,Rome 1987,M,400mH,166
6,1,47.64,Tokyo 1991,M,400mH,166
5,2,47.74,Tokyo 1991,M,400mH,166
4,3,47.86,Tokyo 1991,M,400mH,166
7,4,48.01,Tokyo 1991,M,400mH,166
3,5,48.46,Tokyo 1991,M,400mH,166
1,6,49.28,Tokyo 1991,M,400mH,166
2,7,49.99,Tokyo 1991,M,400mH,166
8,8,50.28,Tokyo 1991,M,400mH,166
6,1,47.18,Stuttgart 1993,M,400mH,167
3,2,47.60,Stuttgart 1993,M,400mH,167
5,3,47.62,Stuttgart 1993,M,400mH,167
7,4,47.64,Stuttgart 1993,M,400mH,167
4,5,48.40,Stuttgart 1993,M,400mH,167
2,6,48.71,Stuttgart 1993,M,400mH,167
8,7,49.07,Stuttgart 1993,M,400mH,167
1,8,49.23,Stuttgart 1993,M,400mH,167
4,1,47.98,Gothenburg 1995,M,400mH,167
3,2,48.03,Gothenburg 1995,M,400mH,167
6,3,48.14,Gothenburg 1995,M,400mH,167
7,4,48.83,Gothenburg 1995,M,400mH,167
5,5,48.84,Gothenburg 1995,M,400mH,167
2,6,48.89,Gothenburg 1995,M,400mH,167
8,7,49.22,Gothenburg 1995,M,400mH,167
1,8,49.86,Gothenburg 1995,M,400mH,167
6,1,47.70,Athens 1997,M,400mH,167
1,2,47.86,Athens 1997,M,400mH,167
3,3,47.88,Athens 1997,M,400mH,167
4,4,48.05,Athens 1997,M,400mH,167
8,5,48.11,Athens 1997,M,400mH,167
5,6,48.62,Athens 1997,M,400mH,167
7,7,49.06,Athens 1997,M,400mH,167
2,8,49.51,Athens 1997,M,400mH,167
3,1,47.72,Seville 1999,M,400mH,168
4,2,48.12,Seville 1999,M,400mH,168
7,3,48.13,Seville 1999,M,400mH,168
8,4,48.13,Seville 1999,M,400mH,168
5,5,48.19,Seville 1999,M,400mH,168
6,6,48.77,Seville 1999,M,400mH,168
2,7,48.92,Seville 1999,M,400mH,168
1,8,49.06,Seville 1999,M,400mH,168
5,1,47.49,Edmonton 2001,M,400mH,168
4,2,47.54,Edmonton 2001,M,400mH,168
3,3,47.89,Edmonton 2001,M,400mH,168
1,4,47.99,Edmonton 2001,M,400mH,168
6,5,48.54,Edmonton 2001,M,400mH,168
7,6,48.57,Edmonton 2001,M,400mH,168
8,7,49.07,Edmonton 2001,M,400mH,168
2,7,DQ,Edmonton 2001,M,400mH,168
5,1,47.25,Paris 2003,M,400mH,168
6,2,48.18,Paris 2003,M,400mH,168
4,3,48.24,Paris 2003,M,400mH,168
7,4,48.30,Paris 2003,M,400mH,168
3,5,48.51,Paris 2003,M,400mH,168
2,6,48.90,Paris 2003,M,400mH,168
1,7,52.64,Paris 2003,M,400mH,168
8,8,72.10,Paris 2003,M,400mH,168
6,1,47.30,Helsinki 2005,M,400mH,169
3,2,47.43,Helsinki 2005,M,400mH,169
7,3,48.10,Helsinki 2005,M,400mH,169
1,4,48.18,Helsinki 2005,M,400mH,169
8,5,48.28,Helsinki 2005,M,400mH,169
4,6,48.54,Helsinki 2005,M,400mH,169
5,7,50.18,Helsinki 2005,M,400mH,169
2,7,DNF,Helsinki 2005,M,400mH,169
4,1,47.61,Osaka 2007,M,400mH,169
5,2,48.01,Osaka 2007,M,400mH,169
7,3,48.12,Osaka 2007,M,400mH,169
6,4,48.40,Osaka 2007,M,400mH,169
9,5,48.59,Osaka 2007,M,400mH,169
2,6,49.25,Osaka 2007,M,400mH,169
8,7,52.97,Osaka 2007,M,400mH,169
3,7,DNF,Osaka 2007,M,400mH,169
3,1,47.91,Berlin 2009,M,400mH,169
8,2,48.09,Berlin 2009,M,400mH,169
5,3,48.23,Berlin 2009,M,400mH,169
2,4,48.26,Berlin 2009,M,400mH,169
7,5,48.42,Berlin 2009,M,400mH,169
1,6,48.65,Berlin 2009,M,400mH,169
6,7,48.68,Berlin 2009,M,400mH,169
4,8,50.11,Berlin 2009,M,400mH,169
6,1,48.26,Daegu 2011,M,400mH,170
3,2,48.44,Daegu 2011,M,400mH,170
8,3,48.80,Daegu 2011,M,400mH,170
4,5,49.12,Daegu 2011,M,400mH,170
5,6,49.24,Daegu 2011,M,400mH,170
1,7,49.31,Daegu 2011,M,400mH,170
6,1,47.69,Moscow 2013,M,400mH,170
3,2,47.70,Moscow 2013,M,400mH,170
8,3,48.05,Moscow 2013,M,400mH,170
5,4,48.12,Moscow 2013,M,400mH,170
4,5,48.22,Moscow 2013,M,400mH,170
7,6,48.38,Moscow 2013,M,400mH,170
2,7,48.68,Moscow 2013,M,400mH,170
1,8,49.08,Moscow 2013,M,400mH,170
9,1,47.79,Beijing 2015,M,400mH,170
6,2,48.05,Beijing 2015,M,400mH,170
7,3,48.17,Beijing 2015,M,400mH,170
8,4,48.18,Beijing 2015,M,400mH,170
4,5,48.33,Beijing 2015,M,400mH,170
2,6,48.96,Beijing 2015,M,400mH,170
3,7,49.14,Beijing 2015,M,400mH,170
5,8,50.02,Beijing 2015,M,400mH,170
5,1,48.35,London 2017,M,400mH,171
8,2,48.49,London 2017,M,400mH,171
4,3,48.52,London 2017,M,400mH,171
3,4,48.99,London 2017,M,400mH,171
7,5,49.00,London 2017,M,400mH,171
2,6,49.04,London 2017,M,400mH,171
6,7,49.74,London 2017,M,400mH,171
9,8,50.07,London 2017,M,400mH,171
4,1,47.42,Doha 2019,M,400mH,171
7,2,47.66,Doha 2019,M,400mH,171
9,3,48.03,Doha 2019,M,400mH,171
2,4,48.10,Doha 2019,M,400mH,171
3,5,48.20,Doha 2019,M,400mH,171
6,6,48.25,Doha 2019,M,400mH,171
5,7,48.28,Doha 2019,M,400mH,171
8,8,49.46,Doha 2019,M,400mH,171
3,1,37.86,Helsinki 1983,M,4x100m,243
5,2,38.37,Helsinki 1983,M,4x100m,243
1,3,38.41,Helsinki 1983,M,4x100m,243
7,4,38.51,Helsinki 1983,M,4x100m,243
4,5,38.56,Helsinki 1983,M,4x100m,243
6,6,38.72,Helsinki 1983,M,4x100m,243
2,7,38.75,Helsinki 1983,M,4x100m,243
8,8,38.98,Helsinki 1983,M,4x100m,243
5,1,37.90,Rome 1987,M,4x100m,244
3,2,38.02,Rome 1987,M,4x100m,244
6,3,38.41,Rome 1987,M,4x100m,244
7,4,38.73,Rome 1987,M,4x100m,244
8,5,39.04,Rome 1987,M,4x100m,244
1,6,39.62,Rome 1987,M,4x100m,244
2,7,39.93,Rome 1987,M,4x100m,244
4,4,DQ,Rome 1987,M,4x100m,244
4,1,37.50,Tokyo 1991,M,4x100m,244
5,2,37.87,Tokyo 1991,M,4x100m,244
6,3,38.09,Tokyo 1991,M,4x100m,244
3,4,38.43,Tokyo 1991,M,4x100m,244
7,5,38.52,Tokyo 1991,M,4x100m,244
8,6,38.67,Tokyo 1991,M,4x100m,244
2,7,38.68,Tokyo 1991,M,4x100m,244
1,8,39.51,Tokyo 1991,M,4x100m,244
3,1,37.48,Stuttgart 1993,M,4x100m,245
4,2,37.77,Stuttgart 1993,M,4x100m,245
5,3,37.83,Stuttgart 1993,M,4x100m,245
8,4,38.39,Stuttgart 1993,M,4x100m,245
6,5,38.69,Stuttgart 1993,M,4x100m,245
1,6,38.78,Stuttgart 1993,M,4x100m,245
2,7,38.82,Stuttgart 1993,M,4x100m,245
7,8,39.22,Stuttgart 1993,M,4x100m,245
4,1,38.31,Gothenburg 1995,M,4x100m,245
5,2,38.50,Gothenburg 1995,M,4x100m,245
3,3,39.07,Gothenburg 1995,M,4x100m,245
6,4,39.10,Gothenburg 1995,M,4x100m,245
8,5,39.33,Gothenburg 1995,M,4x100m,245
1,6,39.35,Gothenburg 1995,M,4x100m,245
7,7,39.39,Gothenburg 1995,M,4x100m,245
2,7,DQ,Gothenburg 1995,M,4x100m,245
8,1,37.86,Athens 1997,M,4x100m,246
3,2,38.07,Athens 1997,M,4x100m,246
5,3,38.14,Athens 1997,M,4x100m,246
6,4,38.15,Athens 1997,M,4x100m,246
4,5,38.26,Athens 1997,M,4x100m,246
2,6,38.48,Athens 1997,M,4x100m,246
7,7,38.72,Athens 1997,M,4x100m,246
1,7,DQ,Athens 1997,M,4x100m,246
5,1,37.59,Seville 1999,M,4x100m,247
3,2,37.73,Seville 1999,M,4x100m,247
4,3,38.05,Seville 1999,M,4x100m,247
2,4,38.63,Seville 1999,M,4x100m,247
1,5,38.70,Seville 1999,M,4x100m,247
7,6,38.74,Seville 1999,M,4x100m,247
8,7,38.83,Seville 1999,M,4x100m,247
6,3,DQ,Seville 1999,M,4x100m,247
8,1,38.47,Edmonton 2001,M,4x100m,247
5,2,38.58,Edmonton 2001,M,4x100m,247
7,3,38.83,Edmonton 2001,M,4x100m,247
3,4,38.96,Edmonton 2001,M,4x100m,247
2,5,39.18,Edmonton 2001,M,4x100m,247
1,6,39.71,Edmonton 2001,M,4x100m,247
6,6,DNF,Edmonton 2001,M,4x100m,247
4,6,DQ,Edmonton 2001,M,4x100m,247
6,1,38.06,Paris 2003,M,4x100m,248
4,2,38.26,Paris 2003,M,4x100m,248
7,3,38.87,Paris 2003,M,4x100m,248
8,4,38.89,Paris 2003,M,4x100m,248
2,5,38.89,Paris 2003,M,4x100m,248
1,6,39.05,Paris 2003,M,4x100m,248
3,2,DNF,Paris 2003,M,4x100m,248
5,2,DQ,Paris 2003,M,4x100m,248
4,1,38.08,Helsinki 2005,M,4x100m,249
3,2,38.10,Helsinki 2005,M,4x100m,249
5,3,38.27,Helsinki 2005,M,4x100m,249
6,4,38.28,Helsinki 2005,M,4x100m,249
2,5,38.32,Helsinki 2005,M,4x100m,249
7,6,38.45,Helsinki 2005,M,4x100m,249
8,7,38.48,Helsinki 2005,M,4x100m,249
1,8,38.77,Helsinki 2005,M,4x100m,249
4,1,37.78,Osaka 2007,M,4x100m,249
5,2,37.89,Osaka 2007,M,4x100m,249
7,3,37.90,Osaka 2007,M,4x100m,249
6,4,37.99,Osaka 2007,M,4x100m,249
8,5,38.03,Osaka 2007,M,4x100m,249
9,6,38.62,Osaka 2007,M,4x100m,249
3,6,DNF,Osaka 2007,M,4x100m,249
2,6,DNF,Osaka 2007,M,4x100m,249
7,1,37.31,Berlin 2009,M,4x100m,250
6,2,37.62,Berlin 2009,M,4x100m,250
3,3,38.02,Berlin 2009,M,4x100m,250
5,4,38.30,Berlin 2009,M,4x100m,250
8,5,38.39,Berlin 2009,M,4x100m,250
4,6,38.54,Berlin 2009,M,4x100m,250
2,7,38.56,Berlin 2009,M,4x100m,250
1,8,39.21,Berlin 2009,M,4x100m,250
6,1,37.04,Daegu 2011,M,4x100m,250
8,2,38.20,Daegu 2011,M,4x100m,250
1,3,38.49,Daegu 2011,M,4x100m,250
7,4,38.50,Daegu 2011,M,4x100m,250
2,5,38.96,Daegu 2011,M,4x100m,250
5,6,39.01,Daegu 2011,M,4x100m,250
3,6,DNF,Daegu 2011,M,4x100m,250
4,6,DNF,Daegu 2011,M,4x100m,250
5,1,37.36,Moscow 2013,M,4x100m,251
4,2,37.66,Moscow 2013,M,4x100m,251
7,3,37.92,Moscow 2013,M,4x100m,251
3,4,38.04,Moscow 2013,M,4x100m,251
2,5,38.37,Moscow 2013,M,4x100m,251
8,6,38.39,Moscow 2013,M,4x100m,251
1,7,38.57,Moscow 2013,M,4x100m,251
6,7,DQ,Moscow 2013,M,4x100m,251
4,1,37.36,Beijing 2015,M,4x100m,251
9,2,38.01,Beijing 2015,M,4x100m,251
3,3,38.13,Beijing 2015,M,4x100m,251
8,4,38.15,Beijing 2015,M,4x100m,251
5,5,38.23,Beijing 2015,M,4x100m,251
2,6,38.61,Beijing 2015,M,4x100m,251
7,6,DNF,Beijing 2015,M,4x100m,251
6,6,DQ,Beijing 2015,M,4x100m,251
7,1,37.47,London 2017,M,4x100m,252
4,2,37.52,London 2017,M,4x100m,252
9,3,38.04,London 2017,M,4x100m,252
8,4,38.34,London 2017,M,4x100m,252
6,5,38.48,London 2017,M,4x100m,252
2,6,38.59,London 2017,M,4x100m,252
3,7,38.73,London 2017,M,4x100m,252
5,7,DNF,London 2017,M,4x100m,252
8,1,9.60,Doha 2019,M,4x100m,252
7,2,9.60,Doha 2019,M,4x100m,252
4,3,9.60,Doha 2019,M,4x100m,252
6,4,9.60,Doha 2019,M,4x100m,252
5,5,37.73,Doha 2019,M,4x100m,252
9,6,38.07,Doha 2019,M,4x100m,252
2,6,DNF,Doha 2019,M,4x100m,252
3,6,DQ,Doha 2019,M,4x100m,252
6,1,22.13,Helsinki 1983,F,200m,274
7,2,22.19,Helsinki 1983,F,200m,274
3,3,22.37,Helsinki 1983,F,200m,274
1,4,22.46,Helsinki 1983,F,200m,274
8,5,22.63,Helsinki 1983,F,200m,274
5,6,22.68,Helsinki 1983,F,200m,274
2,7,22.93,Helsinki 1983,F,200m,274
4,8,23.03,Helsinki 1983,F,200m,274
3,1,21.74,Rome 1987,F,200m,274
8,2,21.96,Rome 1987,F,200m,274
4,3,22.06,Rome 1987,F,200m,274
1,4,22.18,Rome 1987,F,200m,274
5,5,22.40,Rome 1987,F,200m,274
8,6,22.52,Rome 1987,F,200m,274
2,7,22.52,Rome 1987,F,200m,274
7,8,22.55,Rome 1987,F,200m,274
3,1,22.09,Tokyo 1991,F,200m,274
4,2,22.16,Tokyo 1991,F,200m,274
5,3,22.21,Tokyo 1991,F,200m,275
7,4,22.28,Tokyo 1991,F,200m,275
1,5,22.66,Tokyo 1991,F,200m,275
6,6,22.87,Tokyo 1991,F,200m,275
2,7,22.90,Tokyo 1991,F,200m,275
8,8,23.10,Tokyo 1991,F,200m,275
4,1,21.98,Stuttgart 1993,F,200m,275
6,2,22.00,Stuttgart 1993,F,200m,275
3,3,22.13,Stuttgart 1993,F,200m,275
7,4,22.20,Stuttgart 1993,F,200m,275
2,5,22.32,Stuttgart 1993,F,200m,275
8,6,22.50,Stuttgart 1993,F,200m,275
5,7,22.50,Stuttgart 1993,F,200m,275
1,8,23.04,Stuttgart 1993,F,200m,275
4,1,22.12,Gothenburg 1995,F,200m,275
5,2,22.12,Gothenburg 1995,F,200m,275
3,3,22.37,Gothenburg 1995,F,200m,275
7,4,22.60,Gothenburg 1995,F,200m,275
2,5,22.66,Gothenburg 1995,F,200m,275
8,6,22.71,Gothenburg 1995,F,200m,275
1,7,22.84,Gothenburg 1995,F,200m,275
6,7,DQ,Gothenburg 1995,F,200m,275
5,1,22.32,Athens 1997,F,200m,276
4,2,22.39,Athens 1997,F,200m,276
3,3,22.40,Athens 1997,F,200m,276
7,4,22.50,Athens 1997,F,200m,276
6,5,22.52,Athens 1997,F,200m,276
1,6,22.65,Athens 1997,F,200m,276
2,7,22.73,Athens 1997,F,200m,276
8,8,22.81,Athens 1997,F,200m,276
3,1,21.77,Seville 1999,F,200m,276
8,2,22.22,Seville 1999,F,200m,276
5,3,22.26,Seville 1999,F,200m,276
6,3,22.26,Seville 1999,F,200m,276
4,5,22.28,Seville 1999,F,200m,276
7,6,22.42,Seville 1999,F,200m,276
1,7,22.53,Seville 1999,F,200m,276
2,8,22.64,Seville 1999,F,200m,276
4,1,22.52,Edmonton 2001,F,200m,277
7,2,22.85,Edmonton 2001,F,200m,277
1,3,22.88,Edmonton 2001,F,200m,277
2,4,22.99,Edmonton 2001,F,200m,277
8,5,23.00,Edmonton 2001,F,200m,277
6,6,23.15,Edmonton 2001,F,200m,277
5,1,DQ,Edmonton 2001,F,200m,277
3,3,DQ,Edmonton 2001,F,200m,277
5,1,22.38,Paris 2003,F,200m,277
2,2,22.47,Paris 2003,F,200m,277
4,3,22.59,Paris 2003,F,200m,277
8,4,22.95,Paris 2003,F,200m,277
1,5,22.98,Paris 2003,F,200m,277
7,6,23.00,Paris 2003,F,200m,277
6,1,DQ,Paris 2003,F,200m,277
3,5,DQ,Paris 2003,F,200m,277
6,1,22.16,Helsinki 2005,F,200m,277
4,2,22.31,Helsinki 2005,F,200m,277
5,3,22.31,Helsinki 2005,F,200m,277
7,4,22.38,Helsinki 2005,F,200m,277
2,5,22.66,Helsinki 2005,F,200m,277
8,6,22.75,Helsinki 2005,F,200m,277
3,7,22.86,Helsinki 2005,F,200m,277
1,8,23.00,Helsinki 2005,F,200m,277
5,1,21.81,Osaka 2007,F,200m,278
6,2,22.34,Osaka 2007,F,200m,278
8,3,22.63,Osaka 2007,F,200m,278
3,4,22.65,Osaka 2007,F,200m,278
7,5,22.70,Osaka 2007,F,200m,278
4,6,22.72,Osaka 2007,F,200m,278
9,7,22.97,Osaka 2007,F,200m,278
2,8,23.08,Osaka 2007,F,200m,278
6,1,22.02,Berlin 2009,F,200m,278
5,2,22.35,Berlin 2009,F,200m,278
4,3,22.41,Berlin 2009,F,200m,278
3,4,22.48,Berlin 2009,F,200m,278
8,5,22.62,Berlin 2009,F,200m,278
7,6,22.80,Berlin 2009,F,200m,278
2,7,22.98,Berlin 2009,F,200m,278
1,8,23.05,Berlin 2009,F,200m,278
5,1,22.22,Daegu 2011,F,200m,279
4,2,22.37,Daegu 2011,F,200m,279
3,3,22.42,Daegu 2011,F,200m,279
6,4,22.61,Daegu 2011,F,200m,279
8,5,22.70,Daegu 2011,F,200m,279
1,6,22.96,Daegu 2011,F,200m,279
2,7,23.02,Daegu 2011,F,200m,279
7,8,23.17,Daegu 2011,F,200m,279
4,1,22.17,Moscow 2013,F,200m,279
6,2,22.32,Moscow 2013,F,200m,279
5,3,22.32,Moscow 2013,F,200m,279
7,4,22.74,Moscow 2013,F,200m,279
1,5,22.78,Moscow 2013,F,200m,279
2,6,22.81,Moscow 2013,F,200m,279
8,7,22.84,Moscow 2013,F,200m,279
3,7,DNF,Moscow 2013,F,200m,279
6,1,21.63,Beijing 2015,F,200m,279
5,2,21.66,Beijing 2015,F,200m,279
2,3,21.97,Beijing 2015,F,200m,279
7,4,22.01,Beijing 2015,F,200m,279
6,5,22.07,Beijing 2015,F,200m,279
8,6,22.31,Beijing 2015,F,200m,279
3,7,22.41,Beijing 2015,F,200m,279
9,8,22.50,Beijing 2015,F,200m,279
6,1,22.05,London 2017,F,200m,280
4,2,22.08,London 2017,F,200m,280
5,3,22.15,London 2017,F,200m,280
8,4,22.22,London 2017,F,200m,280
7,5,22.44,London 2017,F,200m,280
9,6,22.59,London 2017,F,200m,280
2,7,22.60,London 2017,F,200m,280
3,8,23.07,London 2017,F,200m,280
7,1,21.88,Doha 2019,F,200m,280
6,2,22.22,Doha 2019,F,200m,280
4,3,22.51,Doha 2019,F,200m,280
5,4,22.59,Doha 2019,F,200m,280
8,5,22.63,Doha 2019,F,200m,280
2,6,22.71,Doha 2019,F,200m,280
3,6,22.77,Doha 2019,F,200m,280
3,1,47.99,Helsinki 1983,F,400m,281
1,2,48.59,Helsinki 1983,F,400m,281
4,3,49.19,Helsinki 1983,F,400m,281
5,4,49.75,Helsinki 1983,F,400m,281
6,5,50.06,Helsinki 1983,F,400m,281
8,6,50.48,Helsinki 1983,F,400m,281
7,7,50.48,Helsinki 1983,F,400m,281
2,8,50.66,Helsinki 1983,F,400m,281
2,1,49.38,Rome 1987,F,400m,281
3,2,49.94,Rome 1987,F,400m,281
6,3,50.20,Rome 1987,F,400m,281
5,4,50.53,Rome 1987,F,400m,281
7,5,50.82,Rome 1987,F,400m,281
8,6,51.03,Rome 1987,F,400m,281
4,7,51.13,Rome 1987,F,400m,281
1,8,51.20,Rome 1987,F,400m,281
4,1,49.13,Tokyo 1991,F,400m,281
3,2,49.42,Tokyo 1991,F,400m,281
5,3,49.78,Tokyo 1991,F,400m,281
6,4,49.82,Tokyo 1991,F,400m,281
8,5,50.50,Tokyo 1991,F,400m,281
2,6,50.79,Tokyo 1991,F,400m,281
7,7,51.53,Tokyo 1991,F,400m,281
1,8,51.73,Tokyo 1991,F,400m,281
6,1,49.82,Stuttgart 1993,F,400m,282
3,2,50.17,Stuttgart 1993,F,400m,282
4,3,50.44,Stuttgart 1993,F,400m,282
5,4,50.52,Stuttgart 1993,F,400m,282
2,5,50.91,Stuttgart 1993,F,400m,282
1,6,51.22,Stuttgart 1993,F,400m,282
7,7,51.40,Stuttgart 1993,F,400m,282
8,7,DQ,Stuttgart 1993,F,400m,282
6,1,49.28,Gothenburg 1995,F,400m,282
5,2,49.96,Gothenburg 1995,F,400m,282
3,3,50.00,Gothenburg 1995,F,400m,282
4,4,50.60,Gothenburg 1995,F,400m,282
1,5,50.70,Gothenburg 1995,F,400m,282
8,6,50.77,Gothenburg 1995,F,400m,282
7,7,50.99,Gothenburg 1995,F,400m,282
2,8,51.13,Gothenburg 1995,F,400m,282
1,1,49.77,Athens 1997,F,400m,283
5,2,49.79,Athens 1997,F,400m,283
4,3,49.90,Athens 1997,F,400m,283
6,4,50.06,Athens 1997,F,400m,283
3,5,50.27,Athens 1997,F,400m,283
8,6,50.66,Athens 1997,F,400m,283
7,7,50.68,Athens 1997,F,400m,283
2,8,51.37,Athens 1997,F,400m,283
5,1,49.67,Seville 1999,F,400m,283
8,2,49.74,Seville 1999,F,400m,283
3,3,49.92,Seville 1999,F,400m,283
4,4,50.03,Seville 1999,F,400m,283
1,5,50.52,Seville 1999,F,400m,283
2,6,50.61,Seville 1999,F,400m,283
6,7,50.67,Seville 1999,F,400m,283
7,8,50.72,Seville 1999,F,400m,283
4,1,49.86,Edmonton 2001,F,400m,283
7,2,49.88,Edmonton 2001,F,400m,283
3,3,49.97,Edmonton 2001,F,400m,283
5,4,50.49,Edmonton 2001,F,400m,283
6,5,50.80,Edmonton 2001,F,400m,283
2,6,50.93,Edmonton 2001,F,400m,283
1,7,51.97,Edmonton 2001,F,400m,283
8,7,DNF,Edmonton 2001,F,400m,283
3,1,48.89,Paris 2003,F,400m,284
5,2,49.43,Paris 2003,F,400m,284
6,3,49.95,Paris 2003,F,400m,284
7,4,49.98,Paris 2003,F,400m,284
4,5,50.38,Paris 2003,F,400m,284
8,6,50.59,Paris 2003,F,400m,284
1,7,51.07,Paris 2003,F,400m,284
2,8,51.30,Paris 2003,F,400m,284
6,1,49.55,Helsinki 2005,F,400m,284
3,2,49.74,Helsinki 2005,F,400m,284
4,3,49.81,Helsinki 2005,F,400m,284
5,4,50.11,Helsinki 2005,F,400m,284
7,5,51.14,Helsinki 2005,F,400m,284
2,6,51.24,Helsinki 2005,F,400m,284
1,7,51.77,Helsinki 2005,F,400m,284
8,8,52.22,Helsinki 2005,F,400m,284
6,1,49.61,Osaka 2007,F,400m,284
4,2,49.65,Osaka 2007,F,400m,284
7,3,49.66,Osaka 2007,F,400m,284
9,4,50.16,Osaka 2007,F,400m,284
8,5,50.17,Osaka 2007,F,400m,284
5,6,50.33,Osaka 2007,F,400m,284
3,7,50.54,Osaka 2007,F,400m,284
2,8,50.96,Osaka 2007,F,400m,284
3,1,49.00,Berlin 2009,F,400m,285
4,2,49.32,Berlin 2009,F,400m,285
5,3,49.71,Berlin 2009,F,400m,285
6,4,49.77,Berlin 2009,F,400m,285
7,5,50.21,Berlin 2009,F,400m,285
1,6,50.35,Berlin 2009,F,400m,285
8,7,50.65,Berlin 2009,F,400m,285
2,7,DQ,Berlin 2009,F,400m,285
4,1,49.56,Daegu 2011,F,400m,285
3,2,49.59,Daegu 2011,F,400m,285
5,3,50.45,Daegu 2011,F,400m,285
2,4,50.66,Daegu 2011,F,400m,285
7,5,50.79,Daegu 2011,F,400m,285
1,6,51.32,Daegu 2011,F,400m,285
8,7,52.89,Daegu 2011,F,400m,285
6,3,DQ,Daegu 2011,F,400m,285
4,1,49.41,Moscow 2013,F,400m,285
5,2,49.41,Moscow 2013,F,400m,285
2,3,49.99,Moscow 2013,F,400m,285
3,4,50.30,Moscow 2013,F,400m,286
6,5,50.68,Moscow 2013,F,400m,286
7,6,50.98,Moscow 2013,F,400m,286
1,7,51.49,Moscow 2013,F,400m,286
8,3,DQ,Moscow 2013,F,400m,286
6,1,49.26,Beijing 2015,F,400m,286
5,2,49.67,Beijing 2015,F,400m,286
4,3,49.99,Beijing 2015,F,400m,286
8,4,50.14,Beijing 2015,F,400m,286
9,5,50.42,Beijing 2015,F,400m,286
2,6,50.47,Beijing 2015,F,400m,286
3,7,50.51,Beijing 2015,F,400m,286
7,8,50.63,Beijing 2015,F,400m,286
6,1,49.92,London 2017,F,400m,286
4,2,50.06,London 2017,F,400m,286
5,3,50.08,London 2017,F,400m,286
7,4,50.49,London 2017,F,400m,286
2,5,50.76,London 2017,F,400m,286
8,6,50.86,London 2017,F,400m,286
3,7,51.48,London 2017,F,400m,286
9,7,DQ,London 2017,F,400m,286
5,1,48.14,Doha 2019,F,400m,287
7,2,48.37,Doha 2019,F,400m,287
3,3,49.47,Doha 2019,F,400m,287
6,4,49.60,Doha 2019,F,400m,287
8,5,49.61,Doha 2019,F,400m,287
4,6,50.89,Doha 2019,F,400m,287
9,7,50.95,Doha 2019,F,400m,287
2,8,51.29,Doha 2019,F,400m,287
5,1,54.14,Helsinki 1983,F,400mH,328
3,2,54.15,Helsinki 1983,F,400mH,328
1,3,54.55,Helsinki 1983,F,400mH,328
7,4,54.64,Helsinki 1983,F,400mH,328
8,5,54.76,Helsinki 1983,F,400mH,328
2,6,54.80,Helsinki 1983,F,400mH,328
6,7,56.04,Helsinki 1983,F,400mH,328
4,8,56.26,Helsinki 1983,F,400mH,328
3,1,53.62,Rome 1987,F,400mH,328
8,2,54.19,Rome 1987,F,400mH,328
4,3,54.31,Rome 1987,F,400mH,328
6,4,54.38,Rome 1987,F,400mH,328
5,5,54.62,Rome 1987,F,400mH,328
1,6,55.68,Rome 1987,F,400mH,328
2,7,55.86,Rome 1987,F,400mH,328
7,8,56.10,Rome 1987,F,400mH,328
6,1,53.11,Tokyo 1991,F,400mH,328
5,2,53.16,Tokyo 1991,F,400mH,328
7,3,53.47,Tokyo 1991,F,400mH,328
4,4,53.95,Tokyo 1991,F,400mH,328
8,5,53.98,Tokyo 1991,F,400mH,328
3,6,54.25,Tokyo 1991,F,400mH,328
1,7,55.26,Tokyo 1991,F,400mH,328
2,8,55.27,Tokyo 1991,F,400mH,328
4,1,52.74,Stuttgart 1993,F,400mH,329
6,2,52.79,Stuttgart 1993,F,400mH,329
5,3,53.48,Stuttgart 1993,F,400mH,329
7,4,53.84,Stuttgart 1993,F,400mH,329
2,5,54.55,Stuttgart 1993,F,400mH,329
3,6,54.99,Stuttgart 1993,F,400mH,329
1,7,55.19,Stuttgart 1993,F,400mH,329
8,8,55.78,Stuttgart 1993,F,400mH,329
5,1,52.61,Gothenburg 1995,F,400mH,329
3,2,52.62,Gothenburg 1995,F,400mH,329
4,3,53.48,Gothenburg 1995,F,400mH,329
7,4,54.86,Gothenburg 1995,F,400mH,329
6,5,54.94,Gothenburg 1995,F,400mH,329
1,6,55.01,Gothenburg 1995,F,400mH,329
8,7,55.46,Gothenburg 1995,F,400mH,329
2,8,56.75,Gothenburg 1995,F,400mH,329
3,1,52.97,Athens 1997,F,400mH,329
4,2,53.09,Athens 1997,F,400mH,329
5,3,53.52,Athens 1997,F,400mH,329
6,4,53.81,Athens 1997,F,400mH,329
8,5,54.19,Athens 1997,F,400mH,329
2,6,54.77,Athens 1997,F,400mH,329
7,7,55.25,Athens 1997,F,400mH,329
1,8,55.63,Athens 1997,F,400mH,329
5,1,52.89,Seville 1999,F,400mH,330
4,2,52.90,Seville 1999,F,400mH,330
3,3,53.16,Seville 1999,F,400mH,330
6,4,53.36,Seville 1999,F,400mH,330
1,5,53.65,Seville 1999,F,400mH,330
2,6,54.23,Seville 1999,F,400mH,330
7,7,54.33,Seville 1999,F,400mH,330
8,8,56.24,Seville 1999,F,400mH,330
4,1,53.34,Edmonton 2001,F,400mH,330
5,2,54.27,Edmonton 2001,F,400mH,330
3,3,54.51,Edmonton 2001,F,400mH,330
6,4,54.55,Edmonton 2001,F,400mH,330
1,5,54.68,Edmonton 2001,F,400mH,330
7,6,55.36,Edmonton 2001,F,400mH,330
8,7,55.83,Edmonton 2001,F,400mH,330
2,8,57.42,Edmonton 2001,F,400mH,330
4,1,53.22,Paris 2003,F,400mH,330
6,2,53.65,Paris 2003,F,400mH,330
5,3,53.71,Paris 2003,F,400mH,330
3,4,54.41,Paris 2003,F,400mH,330
2,5,54.61,Paris 2003,F,400mH,330
7,6,54.79,Paris 2003,F,400mH,330
1,7,55.60,Paris 2003,F,400mH,330
8,8,55.90,Paris 2003,F,400mH,330
4,1,52.90,Helsinki 2005,F,400mH,330
8,2,53.27,Helsinki 2005,F,400mH,330
3,3,53.32,Helsinki 2005,F,400mH,331
5,4,54.17,Helsinki 2005,F,400mH,331
6,5,54.57,Helsinki 2005,F,400mH,331
2,6,55.06,Helsinki 2005,F,400mH,331
7,7,55.09,Helsinki 2005,F,400mH,331
1,8,55.58,Helsinki 2005,F,400mH,331
5,1,53.31,Osaka 2007,F,400mH,331
6,2,53.50,Osaka 2007,F,400mH,331
7,3,53.92,Osaka 2007,F,400mH,331
4,4,54.10,Osaka 2007,F,400mH,331
8,5,54.15,Osaka 2007,F,400mH,331
3,6,54.50,Osaka 2007,F,400mH,331
9,7,54.63,Osaka 2007,F,400mH,331
2,8,54.94,Osaka 2007,F,400mH,331
4,1,52.42,Berlin 2009,F,400mH,331
5,2,52.96,Berlin 2009,F,400mH,331
3,3,53.20,Berlin 2009,F,400mH,331
6,4,53.56,Berlin 2009,F,400mH,331
2,5,53.83,Berlin 2009,F,400mH,331
7,6,54.11,Berlin 2009,F,400mH,331
8,7,54.78,Berlin 2009,F,400mH,331
1,8,55.04,Berlin 2009,F,400mH,331
3,1,52.47,Daegu 2011,F,400mH,332
8,2,52.73,Daegu 2011,F,400mH,332
5,3,53.85,Daegu 2011,F,400mH,332
2,4,54.01,Daegu 2011,F,400mH,332
1,5,54.18,Daegu 2011,F,400mH,332
6,6,54.23,Daegu 2011,F,400mH,332
4,7,54.23,Daegu 2011,F,400mH,332
7,8,55.17,Daegu 2011,F,400mH,332
3,1,52.83,Moscow 2013,F,400mH,332
6,2,54.09,Moscow 2013,F,400mH,332
4,3,54.27,Moscow 2013,F,400mH,332
8,4,54.86,Moscow 2013,F,400mH,332
3,5,55.01,Moscow 2013,F,400mH,332
5,6,56.25,Moscow 2013,F,400mH,332
2,7,57.34,Moscow 2013,F,400mH,332
7,4,DQ,Moscow 2013,F,400mH,332
5,1,53.50,Beijing 2015,F,400mH,332
2,2,53.94,Beijing 2015,F,400mH,332
6,3,54.02,Beijing 2015,F,400mH,332
4,4,54.20,Beijing 2015,F,400mH,332
9,5,54.64,Beijing 2015,F,400mH,332
3,6,54.78,Beijing 2015,F,400mH,332
8,7,54.94,Beijing 2015,F,400mH,332
7,8,55.47,Beijing 2015,F,400mH,332
9,1,53.07,London 2017,F,400mH,332
4,2,53.50,London 2017,F,400mH,332
7,3,53.74,London 2017,F,400mH,333
6,4,54.20,London 2017,F,400mH,333
5,5,54.59,London 2017,F,400mH,333
8,6,54.92,London 2017,F,400mH,333
3,7,55.43,London 2017,F,400mH,333
2,8,55.71,London 2017,F,400mH,333
6,1,52.16,Doha 2019,F,400mH,333
4,2,52.23,Doha 2019,F,400mH,333
5,3,53.74,Doha 2019,F,400mH,333
9,4,54.06,Doha 2019,F,400mH,333
8,5,54.23,Doha 2019,F,400mH,333
2,6,54.45,Doha 2019,F,400mH,333
3,7,54.45,Doha 2019,F,400mH,333
7,8,54.82,Doha 2019,F,400mH,333
3,1,41.76,Helsinki 1983,F,4x100m,392
8,2,42.71,Helsinki 1983,F,4x100m,392
2,3,42.73,Helsinki 1983,F,4x100m,392
6,4,42.93,Helsinki 1983,F,4x100m,392
7,5,43.05,Helsinki 1983,F,4x100m,392
4,6,43.22,Helsinki 1983,F,4x100m,392
1,7,43.40,Helsinki 1983,F,4x100m,392
5,8,43.78,Helsinki 1983,F,4x100m,392
5,1,41.58,Rome 1987,F,4x100m,392
6,2,41.95,Rome 1987,F,4x100m,392
4,3,42.33,Rome 1987,F,4x100m,392
2,4,42.71,Rome 1987,F,4x100m,392
7,5,43.20,Rome 1987,F,4x100m,392
1,6,43.66,Rome 1987,F,4x100m,392
8,7,43.75,Rome 1987,F,4x100m,392
3,6,DQ,Rome 1987,F,4x100m,392
5,1,41.94,Tokyo 1991,F,4x100m,393
6,2,42.20,Tokyo 1991,F,4x100m,393
3,3,42.33,Tokyo 1991,F,4x100m,393
4,4,42.77,Tokyo 1991,F,4x100m,393
2,5,43.34,Tokyo 1991,F,4x100m,393
8,6,43.75,Tokyo 1991,F,4x100m,393
7,7,43.76,Tokyo 1991,F,4x100m,393
1,8,43.79,Tokyo 1991,F,4x100m,393
4,1,41.49,Stuttgart 1993,F,4x100m,393
3,2,41.49,Stuttgart 1993,F,4x100m,393
5,3,41.94,Stuttgart 1993,F,4x100m,393
1,4,42.67,Stuttgart 1993,F,4x100m,393
6,5,42.79,Stuttgart 1993,F,4x100m,393
8,6,42.89,Stuttgart 1993,F,4x100m,393
7,7,43.37,Stuttgart 1993,F,4x100m,393
2,8,43.86,Stuttgart 1993,F,4x100m,393
5,1,42.12,Gothenburg 1995,F,4x100m,393
6,2,42.25,Gothenburg 1995,F,4x100m,393
7,3,43.01,Gothenburg 1995,F,4x100m,393
2,4,43.14,Gothenburg 1995,F,4x100m,393
3,5,43.35,Gothenburg 1995,F,4x100m,393
1,6,44.46,Gothenburg 1995,F,4x100m,393
8,7,44.61,Gothenburg 1995,F,4x100m,393
4,7,DNF,Gothenburg 1995,F,4x100m,393
5,1,41.47,Athens 1997,F,4x100m,394
6,2,42.10,Athens 1997,F,4x100m,394
4,3,42.21,Athens 1997,F,4x100m,394
7,4,42.44,Athens 1997,F,4x100m,394
3,5,42.50,Athens 1997,F,4x100m,394
8,6,42.77,Athens 1997,F,4x100m,394
1,7,43.27,Athens 1997,F,4x100m,394
2,8,43.32,Athens 1997,F,4x100m,394
3,1,41.92,Seville 1999,F,4x100m,394
5,2,42.06,Seville 1999,F,4x100m,394
6,3,42.15,Seville 1999,F,4x100m,394
4,4,42.30,Seville 1999,F,4x100m,394
2,5,42.63,Seville 1999,F,4x100m,394
8,6,43.39,Seville 1999,F,4x100m,394
7,7,43.51,Seville 1999,F,4x100m,394
1,8,43.52,Seville 1999,F,4x100m,394
4,1,42.32,Edmonton 2001,F,4x100m,395
3,2,42.39,Edmonton 2001,F,4x100m,395
7,3,42.40,Edmonton 2001,F,4x100m,395
5,4,42.52,Edmonton 2001,F,4x100m,395
2,5,42.60,Edmonton 2001,F,4x100m,395
8,6,43.25,Edmonton 2001,F,4x100m,395
1,7,43.58,Edmonton 2001,F,4x100m,395
6,1,DQ,Edmonton 2001,F,4x100m,395
6,1,41.78,Paris 2003,F,4x100m,395
3,2,41.83,Paris 2003,F,4x100m,395
4,3,42.66,Paris 2003,F,4x100m,395
5,4,43.07,Paris 2003,F,4x100m,395
8,5,43.27,Paris 2003,F,4x100m,395
1,6,43.45,Paris 2003,F,4x100m,395
2,7,43.47,Paris 2003,F,4x100m,395
7,7,DNF,Paris 2003,F,4x100m,395
6,1,41.78,Helsinki 2005,F,4x100m,395
4,2,41.99,Helsinki 2005,F,4x100m,395
5,3,42.56,Helsinki 2005,F,4x100m,396
3,4,42.85,Helsinki 2005,F,4x100m,396
7,5,42.99,Helsinki 2005,F,4x100m,396
1,6,43.07,Helsinki 2005,F,4x100m,396
8,7,43.25,Helsinki 2005,F,4x100m,396
2,8,43.49,Helsinki 2005,F,4x100m,396
4,1,41.98,Osaka 2007,F,4x100m,396
7,2,42.01,Osaka 2007,F,4x100m,396
6,3,42.75,Osaka 2007,F,4x100m,396
2,4,42.87,Osaka 2007,F,4x100m,396
5,5,42.97,Osaka 2007,F,4x100m,396
8,6,43.37,Osaka 2007,F,4x100m,396
3,7,43.51,Osaka 2007,F,4x100m,396
9,8,43.57,Osaka 2007,F,4x100m,396
5,1,42.06,Berlin 2009,F,4x100m,396
3,2,42.29,Berlin 2009,F,4x100m,396
4,3,42.87,Berlin 2009,F,4x100m,396
6,4,43.13,Berlin 2009,F,4x100m,396
1,5,43.16,Berlin 2009,F,4x100m,396
2,6,43.43,Berlin 2009,F,4x100m,396
7,7,43.71,Berlin 2009,F,4x100m,396
8,4,DQ,Berlin 2009,F,4x100m,396
4,1,41.56,Daegu 2011,F,4x100m,397
6,2,41.70,Daegu 2011,F,4x100m,397
8,3,42.51,Daegu 2011,F,4x100m,397
5,4,42.70,Daegu 2011,F,4x100m,397
7,5,42.93,Daegu 2011,F,4x100m,397
2,6,43.10,Daegu 2011,F,4x100m,397
3,4,DQ,Daegu 2011,F,4x100m,397
1,5,DQ,Daegu 2011,F,4x100m,397
6,1,41.29,Moscow 2013,F,4x100m,397
5,2,42.75,Moscow 2013,F,4x100m,397
3,3,42.87,Moscow 2013,F,4x100m,397
1,4,42.90,Moscow 2013,F,4x100m,397
2,5,42.93,Moscow 2013,F,4x100m,397
7,6,43.28,Moscow 2013,F,4x100m,397
4,6,DQ,Moscow 2013,F,4x100m,397
8,6,DNF,Moscow 2013,F,4x100m,397
6,1,41.07,Beijing 2015,F,4x100m,398
5,2,41.68,Beijing 2015,F,4x100m,398
4,3,42.03,Beijing 2015,F,4x100m,398
7,4,42.10,Beijing 2015,F,4x100m,398
3,5,42.64,Beijing 2015,F,4x100m,398
9,6,43.05,Beijing 2015,F,4x100m,398
2,6,DQ,Beijing 2015,F,4x100m,398
8,6,DQ,Beijing 2015,F,4x100m,398
4,1,41.82,London 2017,F,4x100m,398
5,2,42.12,London 2017,F,4x100m,398
7,3,42.19,London 2017,F,4x100m,398
6,4,42.36,London 2017,F,4x100m,398
9,5,42.51,London 2017,F,4x100m,398
3,6,42.62,London 2017,F,4x100m,398
8,7,42.63,London 2017,F,4x100m,398
2,8,43.07,London 2017,F,4x100m,398
4,1,41.44,Doha 2019,F,4x100m,399
6,2,41.85,Doha 2019,F,4x100m,399
7,3,42.10,Doha 2019,F,4x100m,399
9,4,42.18,Doha 2019,F,4x100m,399
2,5,42.48,Doha 2019,F,4x100m,399
5,6,42.71,Doha 2019,F,4x100m,399
3,7,42.98,Doha 2019,F,4x100m,399
8,7,DQ,Doha 2019,F,4x100m,399
